<?xml version="1.0" encoding="UTF-8"?>
<metadata xml:lang="en"><Esri><CreaDate>20181016</CreaDate><CreaTime>15113500</CreaTime><ArcGISFormat>1.0</ArcGISFormat><SyncOnce>TRUE</SyncOnce><DataProperties><lineage><Process ToolSource="c:\program files (x86)\arcgis\desktop10.5\ArcToolbox\Toolboxes\Data Management Tools.tbx\CalculateField" Date="20181016" Time="151135">CalculateField "Chinook Salmon CU Boundary" CU_name Right( [CU_name] ,Len( [CU_name] ) -6 ) VB #</Process></lineage></DataProperties></Esri></metadata>
