<?xml version="1.0" encoding="UTF-8"?>
<metadata xml:lang="en"><Esri><CreaDate>20191120</CreaDate><CreaTime>08453900</CreaTime><ArcGISFormat>1.0</ArcGISFormat><SyncOnce>TRUE</SyncOnce><DataProperties><lineage><Process ToolSource="c:\program files (x86)\arcgis\desktop10.7\ArcToolbox\Toolboxes\Data Management Tools.tbx\CalculateField" Date="20191120" Time="084539">CalculateField Chinook_Salmon_CU_Boundary_Fr NOM_UC [CU_NAME] VB #</Process><Process ToolSource="c:\program files (x86)\arcgis\desktop10.7\ArcToolbox\Toolboxes\Data Management Tools.tbx\CalculateField" Date="20191120" Time="084613">CalculateField Chinook_Salmon_CU_Boundary_Fr TYPE_UC "[CU_TYPE] " VB #</Process><Process ToolSource="c:\program files (x86)\arcgis\desktop10.7\ArcToolbox\Toolboxes\Data Management Tools.tbx\CalculateField" Date="20191120" Time="084626">CalculateField Chinook_Salmon_CU_Boundary_Fr INDICE_UC [FULL_CU_IN] VB #</Process></lineage></DataProperties></Esri></metadata>
